IdViatge,Data,Despesa,Puntuacio,IdMoneda,IdLocalitat
1,2/5/1995,1525,5,1,1
2,3/5/2009,25487,8,1,4
3,25/2/2005,6522,9,1,4
4,8/9/2021,525,6,1,3
5,15/6/2018,15888,10,1,6
6,26/6/2016,1523,3,1,6
7,19/2/1991,1586,7,1,5
8,10/9/2008,25000,8,1,2
9,25/5/2022,30500,9,1,2
