IdViatge,Data,Localitat,Pais,Despesa,Moneda,Puntuacio
7,19/2/1991,Roma,Itàlia,1586,EUR,7
1,2/5/1995,"Pas de la Casa",Andorra,1525,EUR,5
4,8/9/2021,Oporto,Portugal,525,EUR,6
3,25/2/2005,Freiburg,Alemanya,6522,EUR,9
2,3/5/2009,Freiburg,Alemanya,25487,EUR,8
6,26/6/2016,Lyon,França,1523,EUR,3
5,15/6/2018,Lyon,França,15888,EUR,10
9,25/5/2022,Sabadell,Espanya,30500,EUR,9
8,10/9/2008,Sabadell,Espanya,25000,EUR,8
